id	diagonal	height_left	height_right	margin_low	margin_up	length	Prediction	Indice de confiance
B_1	172.09	103.95	103.73	4.39	3.09	113.19	Vrai billet	0.9876062349569448
B_2	171.52	104.17	104.03	5.27	3.16	111.82	Faux billet	0.9938641815059991
B_3	171.78	103.8	103.75	3.81	3.24	113.39	Vrai billet	0.9989124844255977
B_4	172.02	104.08	103.99	5.57	3.3	111.1	Faux billet	0.9999205534132513
B_5	171.79	104.34	104.37	5.0	3.07	111.87	Faux billet	0.9851131275076822
